code,name,alpha3,numericCode,phoneCode,flag
AF,Afghanistan,AFG,004,+93,đź‡¦đź‡«
AX,Ă…land Islands,ALA,248,+358,đź‡¦đź‡˝
AL,Albania,ALB,008,+355,đź‡¦đź‡±
DZ,Algeria,DZA,012,+213,đź‡©đź‡ż
AS,American Samoa,ASM,016,+1-684,đź‡¦đź‡¸
AD,Andorra,AND,020,+376,đź‡¦đź‡©
AO,Angola,AGO,024,+244,đź‡¦đź‡´
AI,Anguilla,AIA,660,+1-264,đź‡¦đź‡®
AQ,Antarctica,ATA,010,,đź‡¦đź‡¶
AG,Antigua and Barbuda,ATG,028,+1-268,đź‡¦đź‡¬
AR,Argentina,ARG,032,+54,đź‡¦đź‡·
AM,Armenia,ARM,051,+374,đź‡¦đź‡˛
AW,Aruba,ABW,533,+297,đź‡¦đź‡Ľ
AU,Australia,AUS,036,+61,đź‡¦đź‡ş
AT,Austria,AUT,040,+43,đź‡¦đź‡ą
AZ,Azerbaijan,AZE,031,+994,đź‡¦đź‡ż
BS,Bahamas,BHS,044,+1-242,đź‡§đź‡¸
BH,Bahrain,BHR,048,+973,đź‡§đź‡­
BD,Bangladesh,BGD,050,+880,đź‡§đź‡©
BB,Barbados,BRB,052,+1-246,đź‡§đź‡§
BY,Belarus,BLR,112,+375,đź‡§đź‡ľ
BE,Belgium,BEL,056,+32,đź‡§đź‡Ş
BZ,Belize,BLZ,084,+501,đź‡§đź‡ż
BJ,Benin,BEN,204,+229,đź‡§đź‡Ż
BM,Bermuda,BMU,060,+1-441,đź‡§đź‡˛
BT,Bhutan,BTN,064,+975,đź‡§đź‡ą
BO,Bolivia,BOL,068,+591,đź‡§đź‡´
BQ,"Bonaire, Sint Eustatius and Saba",BES,535,+599,đź‡§đź‡¶
BA,Bosnia and Herzegovina,BIH,070,+387,đź‡§đź‡¦
BW,Botswana,BWA,072,+267,đź‡§đź‡Ľ
BV,Bouvet Island,BVT,074,,đź‡§đź‡»
BR,Brazil,BRA,076,+55,đź‡§đź‡·
IO,British Indian Ocean Territory,IOT,086,+246,đź‡®đź‡´
BN,Brunei Darussalam,BRN,096,+673,đź‡§đź‡ł
BG,Bulgaria,BGR,100,+359,đź‡§đź‡¬
BF,Burkina Faso,BFA,854,+226,đź‡§đź‡«
BI,Burundi,BDI,108,+257,đź‡§đź‡®
CV,Cabo Verde,CPV,132,+238,đź‡¨đź‡»
KH,Cambodia,KHM,116,+855,đź‡°đź‡­
CM,Cameroon,CMR,120,+237,đź‡¨đź‡˛
CA,Canada,CAN,124,+1,đź‡¨đź‡¦
KY,Cayman Islands,CYM,136,+1-345,đź‡°đź‡ľ
CF,Central African Republic,CAF,140,+236,đź‡¨đź‡«
TD,Chad,TCD,148,+235,đź‡ąđź‡©
CL,Chile,CHL,152,+56,đź‡¨đź‡±
CN,China,CHN,156,+86,đź‡¨đź‡ł
CX,Christmas Island,CXR,162,+61,đź‡¨đź‡˝
CC,Cocos (Keeling) Islands,CCK,166,+61,đź‡¨đź‡¨
CO,Colombia,COL,170,+57,đź‡¨đź‡´
KM,Comoros,COM,174,+269,đź‡°đź‡˛
CG,Congo,COG,178,+242,đź‡¨đź‡¬
CD,Congo (Democratic Republic),COD,180,+243,đź‡¨đź‡©
CK,Cook Islands,COK,184,+682,đź‡¨đź‡°
CR,Costa Rica,CRI,188,+506,đź‡¨đź‡·
CI,CĂ´te d'Ivoire,CIV,384,+225,đź‡¨đź‡®
HR,Croatia,HRV,191,+385,đź‡­đź‡·
CU,Cuba,CUB,192,+53,đź‡¨đź‡ş
CW,CuraĂ§ao,CUW,531,+599,đź‡¨đź‡Ľ
CY,Cyprus,CYP,196,+357,đź‡¨đź‡ľ
CZ,Czechia,CZE,203,+420,đź‡¨đź‡ż
DK,Denmark,DNK,208,+45,đź‡©đź‡°
DJ,Djibouti,DJI,262,+253,đź‡©đź‡Ż
DM,Dominica,DMA,212,+1-767,đź‡©đź‡˛
DO,Dominican Republic,DOM,214,+1-809,đź‡©đź‡´
EC,Ecuador,ECU,218,+593,đź‡Şđź‡¨
EG,Egypt,EGY,818,+20,đź‡Şđź‡¬
SV,El Salvador,SLV,222,+503,đź‡¸đź‡»
GQ,Equatorial Guinea,GNQ,226,+240,đź‡¬đź‡¶
ER,Eritrea,ERI,232,+291,đź‡Şđź‡·
EE,Estonia,EST,233,+372,đź‡Şđź‡Ş
SZ,Eswatini,SWZ,748,+268,đź‡¸đź‡ż
ET,Ethiopia,ETH,231,+251,đź‡Şđź‡ą
FK,Falkland Islands,FLK,238,+500,đź‡«đź‡°
FO,Faroe Islands,FRO,234,+298,đź‡«đź‡´
FJ,Fiji,FJI,242,+679,đź‡«đź‡Ż
FI,Finland,FIN,246,+358,đź‡«đź‡®
FR,France,FRA,250,+33,đź‡«đź‡·
GF,French Guiana,GUF,254,+594,đź‡¬đź‡«
PF,French Polynesia,PYF,258,+689,đź‡µđź‡«
TF,French Southern Territories,ATF,260,,đź‡ąđź‡«
GA,Gabon,GAB,266,+241,đź‡¬đź‡¦
GM,Gambia,GMB,270,+220,đź‡¬đź‡˛
GE,Georgia,GEO,268,+995,đź‡¬đź‡Ş
DE,Germany,DEU,276,+49,đź‡©đź‡Ş
GH,Ghana,GHA,288,+233,đź‡¬đź‡­
GI,Gibraltar,GIB,292,+350,đź‡¬đź‡®
GR,Greece,GRC,300,+30,đź‡¬đź‡·
GL,Greenland,GRL,304,+299,đź‡¬đź‡±
GD,Grenada,GRD,308,+1-473,đź‡¬đź‡©
GP,Guadeloupe,GLP,312,+590,đź‡¬đź‡µ
GU,Guam,GUM,316,+1-671,đź‡¬đź‡ş
GT,Guatemala,GTM,320,+502,đź‡¬đź‡ą
GG,Guernsey,GGY,831,+44-1481,đź‡¬đź‡¬
GN,Guinea,GIN,324,+224,đź‡¬đź‡ł
GW,Guinea-Bissau,GNB,624,+245,đź‡¬đź‡Ľ
GY,Guyana,GUY,328,+592,đź‡¬đź‡ľ
HT,Haiti,HTI,332,+509,đź‡­đź‡ą
HM,Heard Island and McDonald Islands,HMD,334,,đź‡­đź‡˛
VA,Holy See,VAT,336,+379,đź‡»đź‡¦
HN,Honduras,HND,340,+504,đź‡­đź‡ł
HK,Hong Kong,HKG,344,+852,đź‡­đź‡°
HU,Hungary,HUN,348,+36,đź‡­đź‡ş
IS,Iceland,ISL,352,+354,đź‡®đź‡¸
IN,India,IND,356,+91,đź‡®đź‡ł
ID,Indonesia,IDN,360,+62,đź‡®đź‡©
IR,Iran,IRN,364,+98,đź‡®đź‡·
IQ,Iraq,IRQ,368,+964,đź‡®đź‡¶
IE,Ireland,IRL,372,+353,đź‡®đź‡Ş
IM,Isle of Man,IMN,833,+44-1624,đź‡®đź‡˛
IL,Israel,ISR,376,+972,đź‡®đź‡±
IT,Italy,ITA,380,+39,đź‡®đź‡ą
JM,Jamaica,JAM,388,+1-876,đź‡Żđź‡˛
JP,Japan,JPN,392,+81,đź‡Żđź‡µ
JE,Jersey,JEY,832,+44-1534,đź‡Żđź‡Ş
JO,Jordan,JOR,400,+962,đź‡Żđź‡´
KZ,Kazakhstan,KAZ,398,+7,đź‡°đź‡ż
KE,Kenya,KEN,404,+254,đź‡°đź‡Ş
KI,Kiribati,KIR,296,+686,đź‡°đź‡®
KP,Korea (Democratic People's Republic),PRK,408,+850,đź‡°đź‡µ
KR,Korea (Republic of),KOR,410,+82,đź‡°đź‡·
KW,Kuwait,KWT,414,+965,đź‡°đź‡Ľ
KG,Kyrgyzstan,KGZ,417,+996,đź‡°đź‡¬
LA,Lao People's Democratic Republic,LAO,418,+856,đź‡±đź‡¦
LV,Latvia,LVA,428,+371,đź‡±đź‡»
LB,Lebanon,LBN,422,+961,đź‡±đź‡§
LS,Lesotho,LSO,426,+266,đź‡±đź‡¸
LR,Liberia,LBR,430,+231,đź‡±đź‡·
LY,Libya,LBY,434,+218,đź‡±đź‡ľ
LI,Liechtenstein,LIE,438,+423,đź‡±đź‡®
LT,Lithuania,LTU,440,+370,đź‡±đź‡ą
LU,Luxembourg,LUX,442,+352,đź‡±đź‡ş
MO,Macao,MAC,446,+853,đź‡˛đź‡´
MK,North Macedonia,MKD,807,+389,đź‡˛đź‡°
MG,Madagascar,MDG,450,+261,đź‡˛đź‡¬
MW,Malawi,MWI,454,+265,đź‡˛đź‡Ľ
MY,Malaysia,MYS,458,+60,đź‡˛đź‡ľ
MV,Maldives,MDV,462,+960,đź‡˛đź‡»
ML,Mali,MLI,466,+223,đź‡˛đź‡±
MT,Malta,MLT,470,+356,đź‡˛đź‡ą
MH,Marshall Islands,MHL,584,+692,đź‡˛đź‡­
MQ,Martinique,MTQ,474,+596,đź‡˛đź‡¶
MR,Mauritania,MRT,478,+222,đź‡˛đź‡·
MU,Mauritius,MUS,480,+230,đź‡˛đź‡ş
YT,Mayotte,MYT,175,+262,đź‡ľđź‡ą
MX,Mexico,MEX,484,+52,đź‡˛đź‡˝
FM,Micronesia,FSM,583,+691,đź‡«đź‡˛
MD,Moldova,MDA,498,+373,đź‡˛đź‡©
MC,Monaco,MCO,492,+377,đź‡˛đź‡¨
MN,Mongolia,MNG,496,+976,đź‡˛đź‡ł
ME,Montenegro,MNE,499,+382,đź‡˛đź‡Ş
MS,Montserrat,MSR,500,+1-664,đź‡˛đź‡¸
MA,Morocco,MAR,504,+212,đź‡˛đź‡¦
MZ,Mozambique,MOZ,508,+258,đź‡˛đź‡ż
MM,Myanmar,MMR,104,+95,đź‡˛đź‡˛
NA,Namibia,NAM,516,+264,đź‡łđź‡¦
NR,Nauru,NRU,520,+674,đź‡łđź‡·
NP,Nepal,NPL,524,+977,đź‡łđź‡µ
NL,Netherlands,NLD,528,+31,đź‡łđź‡±
NC,New Caledonia,NCL,540,+687,đź‡łđź‡¨
NZ,New Zealand,NZL,554,+64,đź‡łđź‡ż
NI,Nicaragua,NIC,558,+505,đź‡łđź‡®
NE,Niger,NER,562,+227,đź‡łđź‡Ş
NG,Nigeria,NGA,566,+234,đź‡łđź‡¬
NU,Niue,NIU,570,+683,đź‡łđź‡ş
NF,Norfolk Island,NFK,574,+672,đź‡łđź‡«
MP,Northern Mariana Islands,MNP,580,+1-670,đź‡˛đź‡µ
NO,Norway,NOR,578,+47,đź‡łđź‡´
OM,Oman,OMN,512,+968,đź‡´đź‡˛
PK,Pakistan,PAK,586,+92,đź‡µđź‡°
PW,Palau,PLW,585,+680,đź‡µđź‡Ľ
PS,Palestine,PSE,275,+970,đź‡µđź‡¸
PA,Panama,PAN,591,+507,đź‡µđź‡¦
PG,Papua New Guinea,PNG,598,+675,đź‡µđź‡¬
PY,Paraguay,PRY,600,+595,đź‡µđź‡ľ
PE,Peru,PER,604,+51,đź‡µđź‡Ş
PH,Philippines,PHL,608,+63,đź‡µđź‡­
PN,Pitcairn,PCN,612,+64,đź‡µđź‡ł
PL,Poland,POL,616,+48,đź‡µđź‡±
PT,Portugal,PRT,620,+351,đź‡µđź‡ą
PR,Puerto Rico,PRI,630,+1-787,đź‡µđź‡·
QA,Qatar,QAT,634,+974,đź‡¶đź‡¦
RE,RĂ©union,REU,638,+262,đź‡·đź‡Ş
RO,Romania,ROU,642,+40,đź‡·đź‡´
RU,Russian Federation,RUS,643,+7,đź‡·đź‡ş
RW,Rwanda,RWA,646,+250,đź‡·đź‡Ľ
BL,Saint BarthĂ©lemy,BLM,652,+590,đź‡§đź‡±
SH,"Saint Helena, Ascension and Tristan da Cunha",SHN,654,+290,đź‡¸đź‡­
KN,Saint Kitts and Nevis,KNA,659,+1-869,đź‡°đź‡ł
LC,Saint Lucia,LCA,662,+1-758,đź‡±đź‡¨
MF,Saint Martin,MAF,663,+590,đź‡˛đź‡«
PM,Saint Pierre and Miquelon,SPM,666,+508,đź‡µđź‡˛
VC,Saint Vincent and the Grenadines,VCT,670,+1-784,đź‡»đź‡¨
WS,Samoa,WSM,882,+685,đź‡Ľđź‡¸
SM,San Marino,SMR,674,+378,đź‡¸đź‡˛
ST,Sao Tome and Principe,STP,678,+239,đź‡¸đź‡ą
SA,Saudi Arabia,SAU,682,+966,đź‡¸đź‡¦
SN,Senegal,SEN,686,+221,đź‡¸đź‡ł
RS,Serbia,SRB,688,+381,đź‡·đź‡¸
SC,Seychelles,SYC,690,+248,đź‡¸đź‡¨
SL,Sierra Leone,SLE,694,+232,đź‡¸đź‡±
SG,Singapore,SGP,702,+65,đź‡¸đź‡¬
SX,Sint Maarten,SXM,534,+1-721,đź‡¸đź‡˝
SK,Slovakia,SVK,703,+421,đź‡¸đź‡°
SI,Slovenia,SVN,705,+386,đź‡¸đź‡®
SB,Solomon Islands,SLB,090,+677,đź‡¸đź‡§
SO,Somalia,SOM,706,+252,đź‡¸đź‡´
ZA,South Africa,ZAF,710,+27,đź‡żđź‡¦
GS,South Georgia and the South Sandwich Islands,SGS,239,,đź‡¬đź‡¸
SS,South Sudan,SSD,728,+211,đź‡¸đź‡¸
ES,Spain,ESP,724,+34,đź‡Şđź‡¸
LK,Sri Lanka,LKA,144,+94,đź‡±đź‡°
SD,Sudan,SDN,729,+249,đź‡¸đź‡©
SR,Suriname,SUR,740,+597,đź‡¸đź‡·
SJ,Svalbard and Jan Mayen,SJM,744,+47,đź‡¸đź‡Ż
SE,Sweden,SWE,752,+46,đź‡¸đź‡Ş
CH,Switzerland,CHE,756,+41,đź‡¨đź‡­
SY,Syrian Arab Republic,SYR,760,+963,đź‡¸đź‡ľ
TW,Taiwan,TWN,158,+886,đź‡ąđź‡Ľ
TJ,Tajikistan,TJK,762,+992,đź‡ąđź‡Ż
TZ,Tanzania,TZA,834,+255,đź‡ąđź‡ż
TH,Thailand,THA,764,+66,đź‡ąđź‡­
TL,Timor-Leste,TLS,626,+670,đź‡ąđź‡±
TG,Togo,TGO,768,+228,đź‡ąđź‡¬
TK,Tokelau,TKL,772,+690,đź‡ąđź‡°
TO,Tonga,TON,776,+676,đź‡ąđź‡´
TT,Trinidad and Tobago,TTO,780,+1-868,đź‡ąđź‡ą
TN,Tunisia,TUN,788,+216,đź‡ąđź‡ł
TR,Turkey,TUR,792,+90,đź‡ąđź‡·
TM,Turkmenistan,TKM,795,+993,đź‡ąđź‡˛
TC,Turks and Caicos Islands,TCA,796,+1-649,đź‡ąđź‡¨
TV,Tuvalu,TUV,798,+688,đź‡ąđź‡»
UG,Uganda,UGA,800,+256,đź‡şđź‡¬
UA,Ukraine,UKR,804,+380,đź‡şđź‡¦
AE,United Arab Emirates,ARE,784,+971,đź‡¦đź‡Ş
GB,United Kingdom,GBR,826,+44,đź‡¬đź‡§
US,United States,USA,840,+1,đź‡şđź‡¸
UM,United States Minor Outlying Islands,UMI,581,,đź‡şđź‡˛
UY,Uruguay,URY,858,+598,đź‡şđź‡ľ
UZ,Uzbekistan,UZB,860,+998,đź‡şđź‡ż
VU,Vanuatu,VUT,548,+678,đź‡»đź‡ş
VE,Venezuela,VEN,862,+58,đź‡»đź‡Ş
VN,Viet Nam,VNM,704,+84,đź‡»đź‡ł
VG,Virgin Islands (British),VGB,092,+1-284,đź‡»đź‡¬
VI,Virgin Islands (U.S.),VIR,850,+1-340,đź‡»đź‡®
WF,Wallis and Futuna,WLF,876,+681,đź‡Ľđź‡«
EH,Western Sahara,ESH,732,+212,đź‡Şđź‡­
YE,Yemen,YEM,887,+967,đź‡ľđź‡Ş
ZM,Zambia,ZMB,894,+260,đź‡żđź‡˛
ZW,Zimbabwe,ZWE,716,+263,đź‡żđź‡Ľ
